{
  "linear": {
    "test_metrics": {
      "MAE": 105988.82530608302,
      "RMSE": 226508.237986192,
      "R2": 0.4734972186374873
    },
    "cv_r2_mean": 0.41968674655854193,
    "cv_r2_std": 0.21206988880408711,
    "cv_mae_mean": 108934.28716166462
  },
  "ridge": {
    "best_alpha": 100.0,
    "test_metrics": {
      "MAE": 100739.14175090798,
      "RMSE": 220999.34402539022,
      "R2": 0.4987958762299427
    },
    "cv_r2_mean": 0.40879460543394963
  }
}